Agent,Time,Method,Resource,Version,Status
User-Agent:Mozilla/5.0 (Windows NT 6.2; Win64; x64) AppleWebKit/537.36 (KHTML like Gecko) Chrome/60.0.3112.90 Safari/537.36,2017-08-16T01:40:52.748Z,GET,/log,HTTP/1.1,200
User-Agent:Mozilla/5.0 (Windows NT 6.2; Win64; x64) AppleWebKit/537.36 (KHTML like Gecko) Chrome/60.0.3112.90 Safari/537.36,2017-08-16T01:40:52.940Z,GET,/favicon.ico,HTTP/1.1,200
User-Agent:Mozilla/5.0 (Windows NT 6.2; Win64; x64) AppleWebKit/537.36 (KHTML like Gecko) Chrome/60.0.3112.90 Safari/537.36,2017-08-16T01:41:15.436Z,GET,/,HTTP/1.1,200
User-Agent:Mozilla/5.0 (Windows NT 6.2; Win64; x64) AppleWebKit/537.36 (KHTML like Gecko) Chrome/60.0.3112.90 Safari/537.36,2017-08-16T01:43:35.266Z,GET,/,HTTP/1.1,200
User-Agent:Mozilla/5.0 (Windows NT 6.2; Win64; x64) AppleWebKit/537.36 (KHTML like Gecko) Chrome/60.0.3112.90 Safari/537.36,2017-08-16T01:43:44.857Z,GET,/,HTTP/1.1,200
Mozilla/5.0 (Windows NT 6.2; Win64; x64) AppleWebKit/537.36 (KHTML like Gecko) Chrome/60.0.3112.90 Safari/537.36,2017-08-16T01:45:25.400Z,GET,/,HTTP/1.1,200
Mozilla/5.0 (Windows NT 6.2; Win64; x64) AppleWebKit/537.36 (KHTML like Gecko) Chrome/60.0.3112.90 Safari/537.36,2017-08-16T01:46:01.699Z,GET,/logs,HTTP/1.1,200
Mozilla/5.0 (Windows NT 6.2; Win64; x64) AppleWebKit/537.36 (KHTML like Gecko) Chrome/60.0.3112.90 Safari/537.36,2017-08-16T01:54:43.070Z,GET,/logs,HTTP/1.1,200
Mozilla/5.0 (Windows NT 6.2; Win64; x64) AppleWebKit/537.36 (KHTML like Gecko) Chrome/60.0.3112.90 Safari/537.36,2017-08-16T01:57:15.178Z,GET,/logs,HTTP/1.1,200
Mozilla/5.0 (Windows NT 6.2; Win64; x64) AppleWebKit/537.36 (KHTML like Gecko) Chrome/60.0.3112.90 Safari/537.36,2017-08-16T02:02:57.804Z,GET,/logs,HTTP/1.1,200
Mozilla/5.0 (Windows NT 6.2; Win64; x64) AppleWebKit/537.36 (KHTML like Gecko) Chrome/60.0.3112.90 Safari/537.36,2017-08-16T02:10:43.643Z,GET,/logs,HTTP/1.1,200
node-superagent/2.3.0,2017-08-17T01:27:25.609Z,GET,/,HTTP/1.1,200
node-superagent/2.3.0,2017-08-17T01:27:25.687Z,GET,/,HTTP/1.1,200
node-superagent/2.3.0,2017-08-17T01:27:25.703Z,GET,/,HTTP/1.1,200
node-superagent/2.3.0,2017-08-17T01:27:25.719Z,GET,/,HTTP/1.1,200
node-superagent/2.3.0,2017-08-17T01:27:25.734Z,GET,/,HTTP/1.1,200
node-superagent/2.3.0,2017-08-17T01:27:25.734Z,GET,/,HTTP/1.1,200
node-superagent/2.3.0,2017-08-17T01:27:25.750Z,GET,/,HTTP/1.1,200
node-superagent/2.3.0,2017-08-17T01:27:25.765Z,GET,/,HTTP/1.1,200
node-superagent/2.3.0,2017-08-17T01:27:25.781Z,GET,/logs,HTTP/1.1,200
node-superagent/2.3.0,2017-08-17T01:27:25.797Z,GET,/logs,HTTP/1.1,200
node-superagent/2.3.0,2017-08-17T01:28:10.638Z,GET,/,HTTP/1.1,200
node-superagent/2.3.0,2017-08-17T01:28:10.700Z,GET,/,HTTP/1.1,200
node-superagent/2.3.0,2017-08-17T01:28:10.732Z,GET,/,HTTP/1.1,200
node-superagent/2.3.0,2017-08-17T01:28:10.747Z,GET,/,HTTP/1.1,200
node-superagent/2.3.0,2017-08-17T01:28:10.747Z,GET,/,HTTP/1.1,200
node-superagent/2.3.0,2017-08-17T01:28:10.763Z,GET,/,HTTP/1.1,200
node-superagent/2.3.0,2017-08-17T01:28:10.763Z,GET,/,HTTP/1.1,200
node-superagent/2.3.0,2017-08-17T01:28:10.779Z,GET,/,HTTP/1.1,200
node-superagent/2.3.0,2017-08-17T01:28:10.794Z,GET,/logs,HTTP/1.1,200
node-superagent/2.3.0,2017-08-17T01:28:10.810Z,GET,/logs,HTTP/1.1,200
Mozilla/5.0 (Windows NT 6.2; Win64; x64) AppleWebKit/537.36 (KHTML like Gecko) Chrome/60.0.3112.90 Safari/537.36,2017-08-17T01:31:31.035Z,GET,/,HTTP/1.1,200
Mozilla/5.0 (Windows NT 6.2; Win64; x64) AppleWebKit/537.36 (KHTML like Gecko) Chrome/60.0.3112.90 Safari/537.36,2017-08-17T01:31:31.323Z,GET,/favicon.ico,HTTP/1.1,200
Mozilla/5.0 (Windows NT 6.2; Win64; x64) AppleWebKit/537.36 (KHTML like Gecko) Chrome/60.0.3112.90 Safari/537.36,2017-08-17T01:31:41.033Z,GET,/logs,HTTP/1.1,200
node-superagent/2.3.0,2017-08-17T01:31:57.914Z,GET,/,HTTP/1.1,200
node-superagent/2.3.0,2017-08-17T01:31:58.024Z,GET,/,HTTP/1.1,200
node-superagent/2.3.0,2017-08-17T01:31:58.070Z,GET,/,HTTP/1.1,200
node-superagent/2.3.0,2017-08-17T01:31:58.086Z,GET,/,HTTP/1.1,200
node-superagent/2.3.0,2017-08-17T01:31:58.102Z,GET,/,HTTP/1.1,200
node-superagent/2.3.0,2017-08-17T01:31:58.102Z,GET,/,HTTP/1.1,200
node-superagent/2.3.0,2017-08-17T01:31:58.117Z,GET,/,HTTP/1.1,200
node-superagent/2.3.0,2017-08-17T01:31:58.149Z,GET,/,HTTP/1.1,200
node-superagent/2.3.0,2017-08-17T01:31:58.149Z,GET,/logs,HTTP/1.1,200
node-superagent/2.3.0,2017-08-17T01:31:58.180Z,GET,/logs,HTTP/1.1,200
node-superagent/2.3.0,2017-08-17T01:34:34.769Z,GET,/,HTTP/1.1,200
node-superagent/2.3.0,2017-08-17T01:34:34.878Z,GET,/,HTTP/1.1,200
node-superagent/2.3.0,2017-08-17T01:34:34.957Z,GET,/,HTTP/1.1,200
node-superagent/2.3.0,2017-08-17T01:34:34.973Z,GET,/,HTTP/1.1,200
node-superagent/2.3.0,2017-08-17T01:34:34.973Z,GET,/,HTTP/1.1,200
node-superagent/2.3.0,2017-08-17T01:34:34.988Z,GET,/,HTTP/1.1,200
node-superagent/2.3.0,2017-08-17T01:34:35.004Z,GET,/,HTTP/1.1,200
node-superagent/2.3.0,2017-08-17T01:34:35.020Z,GET,/,HTTP/1.1,200
node-superagent/2.3.0,2017-08-17T01:34:35.035Z,GET,/logs,HTTP/1.1,200
node-superagent/2.3.0,2017-08-17T01:34:35.067Z,GET,/logs,HTTP/1.1,200
Mozilla/5.0 (Windows NT 6.2; Win64; x64) AppleWebKit/537.36 (KHTML like Gecko) Chrome/60.0.3112.90 Safari/537.36,2017-08-17T01:39:52.095Z,GET,/logs,HTTP/1.1,200
node-superagent/2.3.0,2017-08-17T01:40:15.124Z,GET,/,HTTP/1.1,200
node-superagent/2.3.0,2017-08-17T01:40:15.186Z,GET,/,HTTP/1.1,200
node-superagent/2.3.0,2017-08-17T01:40:15.217Z,GET,/,HTTP/1.1,200
node-superagent/2.3.0,2017-08-17T01:40:15.233Z,GET,/,HTTP/1.1,200
node-superagent/2.3.0,2017-08-17T01:40:15.249Z,GET,/,HTTP/1.1,200
node-superagent/2.3.0,2017-08-17T01:40:15.249Z,GET,/,HTTP/1.1,200
node-superagent/2.3.0,2017-08-17T01:40:15.280Z,GET,/,HTTP/1.1,200
node-superagent/2.3.0,2017-08-17T01:40:15.295Z,GET,/,HTTP/1.1,200
node-superagent/2.3.0,2017-08-17T01:40:15.311Z,GET,/logs,HTTP/1.1,200
node-superagent/2.3.0,2017-08-17T01:40:15.327Z,GET,/logs,HTTP/1.1,200
Mozilla/5.0 (Windows NT 6.2; Win64; x64) AppleWebKit/537.36 (KHTML like Gecko) Chrome/60.0.3112.90 Safari/537.36,2017-08-17T01:42:51.450Z,GET,/logs,HTTP/1.1,200
node-superagent/2.3.0,2017-08-17T01:43:29.000Z,GET,/,HTTP/1.1,200
node-superagent/2.3.0,2017-08-17T01:43:29.062Z,GET,/,HTTP/1.1,200
node-superagent/2.3.0,2017-08-17T01:43:29.094Z,GET,/,HTTP/1.1,200
node-superagent/2.3.0,2017-08-17T01:43:29.109Z,GET,/,HTTP/1.1,200
node-superagent/2.3.0,2017-08-17T01:43:29.125Z,GET,/,HTTP/1.1,200
node-superagent/2.3.0,2017-08-17T01:43:29.125Z,GET,/,HTTP/1.1,200
node-superagent/2.3.0,2017-08-17T01:43:29.141Z,GET,/,HTTP/1.1,200
node-superagent/2.3.0,2017-08-17T01:43:29.156Z,GET,/,HTTP/1.1,200
node-superagent/2.3.0,2017-08-17T01:43:29.172Z,GET,/logs,HTTP/1.1,200
node-superagent/2.3.0,2017-08-17T01:43:29.187Z,GET,/logs,HTTP/1.1,200
Mozilla/5.0 (Windows NT 6.2; Win64; x64) AppleWebKit/537.36 (KHTML like Gecko) Chrome/60.0.3112.90 Safari/537.36,2017-08-17T01:43:45.351Z,GET,/logs,HTTP/1.1,200
Mozilla/5.0 (Windows NT 6.2; Win64; x64) AppleWebKit/537.36 (KHTML like Gecko) Chrome/60.0.3112.90 Safari/537.36,2017-08-17T01:44:09.641Z,GET,/logs,HTTP/1.1,200
node-superagent/2.3.0,2017-08-17T01:44:47.772Z,GET,/,HTTP/1.1,200
node-superagent/2.3.0,2017-08-17T01:44:47.834Z,GET,/,HTTP/1.1,200
node-superagent/2.3.0,2017-08-17T01:44:47.865Z,GET,/,HTTP/1.1,200
node-superagent/2.3.0,2017-08-17T01:44:47.881Z,GET,/,HTTP/1.1,200
node-superagent/2.3.0,2017-08-17T01:44:47.897Z,GET,/,HTTP/1.1,200
node-superagent/2.3.0,2017-08-17T01:44:47.897Z,GET,/,HTTP/1.1,200
node-superagent/2.3.0,2017-08-17T01:44:47.912Z,GET,/,HTTP/1.1,200
node-superagent/2.3.0,2017-08-17T01:44:47.928Z,GET,/,HTTP/1.1,200
node-superagent/2.3.0,2017-08-17T01:44:47.944Z,GET,/logs,HTTP/1.1,200
node-superagent/2.3.0,2017-08-17T01:44:47.959Z,GET,/logs,HTTP/1.1,200
Mozilla/5.0 (Windows NT 6.2; Win64; x64) AppleWebKit/537.36 (KHTML like Gecko) Chrome/60.0.3112.90 Safari/537.36,2017-08-17T01:48:14.364Z,GET,/logs,HTTP/1.1,200
node-superagent/2.3.0,2017-08-17T01:48:28.697Z,GET,/,HTTP/1.1,200
node-superagent/2.3.0,2017-08-17T01:48:28.807Z,GET,/,HTTP/1.1,200
node-superagent/2.3.0,2017-08-17T01:48:28.854Z,GET,/,HTTP/1.1,200
node-superagent/2.3.0,2017-08-17T01:48:28.885Z,GET,/,HTTP/1.1,200
node-superagent/2.3.0,2017-08-17T01:48:28.900Z,GET,/,HTTP/1.1,200
node-superagent/2.3.0,2017-08-17T01:48:28.916Z,GET,/,HTTP/1.1,200
node-superagent/2.3.0,2017-08-17T01:48:28.932Z,GET,/,HTTP/1.1,200
node-superagent/2.3.0,2017-08-17T01:48:28.963Z,GET,/,HTTP/1.1,200
node-superagent/2.3.0,2017-08-17T01:48:28.994Z,GET,/logs,HTTP/1.1,200
node-superagent/2.3.0,2017-08-17T01:48:29.041Z,GET,/logs,HTTP/1.1,200
node-superagent/2.3.0,2017-08-17T01:49:14.508Z,GET,/,HTTP/1.1,200
node-superagent/2.3.0,2017-08-17T01:49:14.571Z,GET,/,HTTP/1.1,200
node-superagent/2.3.0,2017-08-17T01:49:14.602Z,GET,/,HTTP/1.1,200
node-superagent/2.3.0,2017-08-17T01:49:14.618Z,GET,/,HTTP/1.1,200
node-superagent/2.3.0,2017-08-17T01:49:14.633Z,GET,/,HTTP/1.1,200
node-superagent/2.3.0,2017-08-17T01:49:14.649Z,GET,/,HTTP/1.1,200
node-superagent/2.3.0,2017-08-17T01:49:14.649Z,GET,/,HTTP/1.1,200
node-superagent/2.3.0,2017-08-17T01:49:14.665Z,GET,/,HTTP/1.1,200
node-superagent/2.3.0,2017-08-17T01:49:14.696Z,GET,/logs,HTTP/1.1,200
node-superagent/2.3.0,2017-08-17T01:49:14.727Z,GET,/logs,HTTP/1.1,200
node-superagent/2.3.0,2017-08-17T01:49:40.937Z,GET,/,HTTP/1.1,200
node-superagent/2.3.0,2017-08-17T01:49:41.015Z,GET,/,HTTP/1.1,200
node-superagent/2.3.0,2017-08-17T01:49:41.047Z,GET,/,HTTP/1.1,200
node-superagent/2.3.0,2017-08-17T01:49:41.078Z,GET,/,HTTP/1.1,200
node-superagent/2.3.0,2017-08-17T01:49:41.078Z,GET,/,HTTP/1.1,200
node-superagent/2.3.0,2017-08-17T01:49:41.094Z,GET,/,HTTP/1.1,200
node-superagent/2.3.0,2017-08-17T01:49:41.109Z,GET,/,HTTP/1.1,200
node-superagent/2.3.0,2017-08-17T01:49:41.125Z,GET,/,HTTP/1.1,200
node-superagent/2.3.0,2017-08-17T01:49:41.125Z,GET,/logs,HTTP/1.1,200
node-superagent/2.3.0,2017-08-17T01:49:41.172Z,GET,/logs,HTTP/1.1,200
node-superagent/2.3.0,2017-08-17T01:51:04.854Z,GET,/,HTTP/1.1,200
node-superagent/2.3.0,2017-08-17T01:51:04.947Z,GET,/,HTTP/1.1,200
node-superagent/2.3.0,2017-08-17T01:51:04.979Z,GET,/,HTTP/1.1,200
node-superagent/2.3.0,2017-08-17T01:51:05.041Z,GET,/,HTTP/1.1,200
node-superagent/2.3.0,2017-08-17T01:51:05.057Z,GET,/,HTTP/1.1,200
node-superagent/2.3.0,2017-08-17T01:51:05.072Z,GET,/,HTTP/1.1,200
node-superagent/2.3.0,2017-08-17T01:51:05.088Z,GET,/,HTTP/1.1,200
node-superagent/2.3.0,2017-08-17T01:51:05.088Z,GET,/,HTTP/1.1,200
node-superagent/2.3.0,2017-08-17T01:51:05.116Z,GET,/logs,HTTP/1.1,200
node-superagent/2.3.0,2017-08-17T01:51:05.148Z,GET,/logs,HTTP/1.1,200
node-superagent/2.3.0,2017-08-17T01:51:39.279Z,GET,/,HTTP/1.1,200
node-superagent/2.3.0,2017-08-17T01:51:39.371Z,GET,/,HTTP/1.1,200
node-superagent/2.3.0,2017-08-17T01:51:39.435Z,GET,/,HTTP/1.1,200
node-superagent/2.3.0,2017-08-17T01:51:39.471Z,GET,/,HTTP/1.1,200
node-superagent/2.3.0,2017-08-17T01:51:39.479Z,GET,/,HTTP/1.1,200
node-superagent/2.3.0,2017-08-17T01:51:39.494Z,GET,/,HTTP/1.1,200
node-superagent/2.3.0,2017-08-17T01:51:39.510Z,GET,/,HTTP/1.1,200
node-superagent/2.3.0,2017-08-17T01:51:39.529Z,GET,/,HTTP/1.1,200
node-superagent/2.3.0,2017-08-17T01:51:39.541Z,GET,/logs,HTTP/1.1,200
node-superagent/2.3.0,2017-08-17T01:51:39.557Z,GET,/logs,HTTP/1.1,200